date,daily_trip_count,trend,seasonal,lag_1,lag_7,rolling_median_7,rolling_std_7,day_of_week,day_of_month,month,true_anomaly,true_anomaly_type,anomaly_id,is_injected_anomaly
2023-01-01,76752.0,47004.22722234206,29747.77277765794,25.0,23.388059701492537,24.19402985074627,0.5803648386628933,6,1,1,0,none,-1,0
2023-01-02,65777.0,62259.66015153876,3517.3398484612435,76752.0,23.65671641791045,24.46268656716418,29000.333980944102,0,2,1,0,none,-1,0
2023-01-03,85783.0,76165.34767528766,9617.652324712333,65777.0,23.925373134328357,24.73134328358209,34905.65732450604,1,3,1,0,none,-1,0
2023-01-04,95092.0,87357.32383122873,7734.676168771266,85783.0,24.19402985074627,25.0,41075.4693980398,2,4,1,0,none,-1,0
2023-01-05,101063.0,95073.77702466917,5989.222975330832,95092.0,24.46268656716418,65777.0,44102.89223174945,3,5,1,0,none,-1,0
2023-01-06,0.0,99336.48124899274,3213.5187510072537,101063.0,24.73134328358209,76752.0,42987.40866343743,4,6,1,1,zero_load,0,1
2023-01-07,105036.0,101054.0654127788,3981.9345872211993,102550.0,25.0,85783.0,35746.86979170011,5,7,1,0,none,-1,0
2023-01-08,85056.0,101667.89368483558,-16611.893684835588,105036.0,76752.0,95092.0,14783.698428948526,6,8,1,0,none,-1,0
2023-01-09,85349.0,101777.62279728873,-16428.622797288735,85056.0,65777.0,95092.0,13817.61111597735,0,9,1,0,none,-1,0
2023-01-10,99916.0,101721.6666355669,-1805.6666355668958,85349.0,85783.0,95092.0,8829.842181623671,1,10,1,0,none,-1,0
2023-01-11,106118.0,101711.88585700498,4406.114142995028,99916.0,95092.0,99916.0,8154.271025197812,2,11,1,0,none,-1,0
2023-01-12,111386.0,101935.35344759923,9450.646552400769,106118.0,101063.0,101063.0,8912.901336719417,3,12,1,0,none,-1,0
2023-01-13,328108.0,102435.47804594469,8283.521954055303,111386.0,102550.0,102550.0,10278.685808622638,4,13,1,1,spike_day,4,1
2023-01-14,112950.0,103000.11622683259,9949.883773167412,110719.0,105036.0,105036.0,11131.638511575029,5,14,1,0,none,-1,0
2023-01-15,96844.0,103224.73508444207,-6380.73508444208,112950.0,85056.0,106118.0,12033.143299515135,6,15,1,0,none,-1,0
2023-01-16,80120.0,103132.20795240841,-23012.20795240841,96844.0,85349.0,106118.0,9973.745886075067,0,16,1,0,none,-1,0
2023-01-17,101052.0,102841.9723544085,-1789.972354408497,80120.0,99916.0,106118.0,11606.704140280277,1,17,1,0,none,-1,0
2023-01-18,106152.0,102588.11108734403,3563.8889126559734,101052.0,106118.0,106118.0,11571.151551945664,2,18,1,0,none,-1,0
2023-01-19,114603.0,102571.00832321594,12031.991676784055,106152.0,111386.0,106152.0,11572.812225622738,3,19,1,0,none,-1,0
2023-01-20,109444.0,102893.40663135212,6550.593368647889,114603.0,110719.0,106152.0,12028.018577669442,4,20,1,0,none,-1,0
2023-01-21,111999.0,103456.05306456856,8542.946935431435,109444.0,112950.0,106152.0,11904.298241351604,5,21,1,0,none,-1,0
2023-01-22,89651.0,104012.12068515102,-14361.120685151027,111999.0,96844.0,106152.0,11776.877298535515,6,22,1,0,none,-1,0
2023-01-23,89791.0,104397.41794797702,-14606.417947977025,89651.0,80120.0,106152.0,12671.896956501416,0,23,1,0,none,-1,0
2023-01-24,103858.0,104592.63390191186,-734.6339019118608,89791.0,101052.0,106152.0,10190.935968043425,1,24,1,0,none,-1,0
2023-01-25,109196.0,104537.14047651034,4658.85952348966,103858.0,106152.0,106152.0,10145.534401189201,2,25,1,0,none,-1,0
2023-01-26,292483.0,104225.88898443524,10651.111015564758,109196.0,114603.0,109196.0,10334.495969924232,3,26,1,1,spike_day,3,1
2023-01-27,111826.0,103724.45240514129,7943.547594858716,114877.0,109444.0,109196.0,10381.419345111093,4,27,1,1,label_drift,5,1
2023-01-28,112241.0,103177.04518539364,8467.954814606366,111668.0,111999.0,109196.0,10603.29498653262,5,28,1,1,label_drift,5,1
2023-01-29,89871.0,102676.09429635521,-14545.094296355212,111645.0,89651.0,109196.0,10561.966226580531,6,29,1,1,label_drift,5,1
2023-01-30,89492.0,102129.38670462015,-18361.386704620156,88131.0,89791.0,109196.0,10924.731710773505,0,30,1,1,label_drift,5,1
2023-01-31,119900.0,101522.87631796386,-1142.8763179638647,83768.0,103858.0,109196.0,12385.212142289816,1,31,1,1,label_drift,5,1
2023-02-01,148603.0,101037.74154909246,6742.258450907542,100380.0,109196.0,109196.0,12429.069256039566,2,1,2,1,label_drift,5,1
2023-02-02,170164.0,100821.00821490472,12252.991785095277,107780.0,114877.0,107780.0,12318.833954559148,3,2,2,1,label_drift,5,1
2023-02-03,178881.0,100903.00779879146,14245.992201208546,113074.0,111668.0,107780.0,12035.107032582373,4,3,2,1,label_drift,5,1
2023-02-04,154022.0,101260.4215976867,-3024.4215976866935,115149.0,111645.0,107780.0,12545.417565978474,5,4,2,1,label_drift,5,1
2023-02-05,132187.0,101773.81657547067,-17674.81657547068,98236.0,88131.0,100380.0,11989.495185766715,6,5,2,1,label_drift,5,1
2023-02-06,91046.0,102482.0994533494,-11436.099453349389,84099.0,83768.0,100380.0,12777.864407228746,0,6,2,0,none,-1,0
2023-02-07,106097.0,103465.44139239164,2631.558607608351,91046.0,100380.0,100380.0,11428.055425553519,1,7,2,0,none,-1,0
2023-02-08,302200.0,104708.64051960701,3688.3594803929814,106097.0,107780.0,106097.0,11547.104699983469,2,8,2,1,spike_day,2,1
2023-02-09,115122.0,106027.47621050736,9094.523789492634,108397.0,113074.0,106097.0,11598.933193966357,3,9,2,0,none,-1,0
2023-02-10,114361.0,107111.47737152371,7249.5226284762975,115122.0,115149.0,106097.0,11936.90425688732,4,10,2,0,none,-1,0
2023-02-11,114484.0,107653.68122474026,6830.318775259751,114361.0,98236.0,106097.0,11801.701539951542,5,11,2,0,none,-1,0
2023-02-12,94403.0,107678.92988911518,-13275.929889115178,114484.0,84099.0,108397.0,12410.081861515786,6,12,2,0,none,-1,0
2023-02-13,92981.0,107302.99079416583,-14321.99079416583,94403.0,91046.0,108397.0,9903.21367753198,0,13,2,0,none,-1,0
2023-02-14,108344.0,106544.73362174073,1799.2663782592717,92981.0,106097.0,108397.0,9422.696406625224,1,14,2,0,none,-1,0
2023-02-15,0.0,105355.60124143281,5282.39875856718,108344.0,108397.0,108397.0,9442.972655442136,2,15,2,1,zero_load,1,1
2023-02-16,112816.0,103914.7113043705,8901.288695629499,110638.0,115122.0,110638.0,9540.840019920342,3,16,2,0,none,-1,0
2023-02-17,111745.0,102541.94356365793,9203.056436342073,112816.0,114361.0,110638.0,9256.91935797214,4,17,2,0,none,-1,0
2023-02-18,105272.0,101561.60951625984,3710.390483740171,111745.0,114484.0,110638.0,8951.43522410948,5,18,2,0,none,-1,0
2023-02-19,90018.0,101141.04202541681,-11123.042025416813,105272.0,94403.0,108344.0,8227.754284823286,6,19,2,0,none,-1,0
2023-02-20,79583.0,101322.28268128383,-21739.28268128384,90018.0,92981.0,108344.0,9283.451628723906,0,20,2,0,none,-1,0
2023-02-21,99877.0,101964.39513870458,-2087.3951387045813,79583.0,108344.0,108344.0,12785.555605559604,1,21,2,0,none,-1,0
2023-02-22,110874.0,102896.05384048338,7977.946159516628,99877.0,110638.0,105272.0,12553.385197020023,2,22,2,0,none,-1,0
2023-02-23,115242.0,103903.71430483545,11338.285695164559,110874.0,112816.0,105272.0,12582.54682751732,3,23,2,0,none,-1,0
2023-02-24,115492.0,104886.92008330443,10605.079916695562,115242.0,111745.0,105272.0,12974.919227200624,4,24,2,0,none,-1,0
2023-02-25,113591.0,105763.91511554291,7827.084884457087,115492.0,105272.0,105272.0,13519.378196112546,5,25,2,0,none,-1,0
2023-02-26,91145.0,106452.63492626234,-15307.634926262343,113591.0,90018.0,110874.0,14170.366094003877,6,26,2,0,none,-1,0
2023-02-27,92992.0,106877.46437430927,-13885.464374309275,91145.0,79583.0,110874.0,13996.659788610092,0,27,2,0,none,-1,0
2023-02-28,101145.0,107165.67884787993,-6020.678847879927,92992.0,99877.0,110874.0,10670.460618432706,1,28,2,0,none,-1,0
