date,daily_trip_count,trend,seasonal,lag_1,lag_7,rolling_median_7,rolling_std_7,day_of_week,day_of_month,month
2022-01-08,83177,77790.63584432348,5125.8716961591235,71590.0,63441.0,72405.0,7326.144721215279,5,8,1
2022-01-09,64014,78420.72020220879,-14078.042138827255,83177.0,58421.0,74562.0,7844.953870998555,6,9,1
2022-01-10,73692,79065.14487573034,-5188.671374399106,64014.0,72405.0,74562.0,6152.908085187188,0,10,1
2022-01-11,77603,79758.87745165442,-1612.012673593353,73692.0,74562.0,74562.0,6105.146638385554,1,11,1
2022-01-12,80352,80545.47898448718,-170.08884813412556,77603.0,74592.0,74592.0,6217.036830547241,2,12,1
2022-01-13,84952,81449.6923790025,3707.4947477615888,80352.0,79909.0,77603.0,6536.349665706452,3,13,1
2022-01-14,93817,82355.22407722028,12169.597662235881,84952.0,71590.0,77603.0,7302.559469769738,4,14,1
2022-01-15,88704,83207.8808724869,6208.263569264945,93817.0,83177.0,80352.0,9362.33260515367,5,15,1
2022-01-16,72783,84062.37959180865,-13306.52050416507,88704.0,64014.0,80352.0,9924.723719316398,6,16,1
2022-01-17,63518,84940.90685930388,-7728.004839344232,72783.0,73692.0,80352.0,7838.969678411005,0,17,1
2022-01-18,84603,85817.9033428466,-2449.6750098832445,63518.0,77603.0,80352.0,10168.376402684265,1,18,1
2022-01-19,86640,86656.94501144867,901.9000273418692,84603.0,80352.0,84603.0,10209.140283752244,2,19,1
2022-01-20,90778,87427.73592823317,4421.41993062158,86640.0,84952.0,84952.0,10392.25894138331,3,20,1
2022-01-21,101054,88157.06187528124,11894.502925351038,90778.0,93817.0,86640.0,10876.515141305466,4,21,1
2022-01-22,96587,88959.34740990636,7456.545839278408,101054.0,88704.0,86640.0,12325.945019309762,5,22,1
2022-01-23,76914,89896.53823025002,-12740.77348435513,96587.0,72783.0,86640.0,13158.146460870308,6,23,1
2022-01-24,78541,90916.14260671365,-10377.814559869043,76914.0,63518.0,86640.0,12592.158415912187,0,24,1
2022-01-25,87349,91985.37985732229,-3102.2161600420727,78541.0,84603.0,86640.0,8921.0488065879,1,25,1
2022-01-26,96747,92984.10263908122,1708.8569188035863,87349.0,86640.0,87349.0,8812.967934216225,2,26,1
2022-01-27,99766,93802.50831637414,5113.075997799183,96747.0,90778.0,90778.0,9315.738975876595,3,27,1
2022-01-28,95873,94582.03077067711,11616.73389939016,99766.0,101054.0,96587.0,10075.87776159806,4,28,1
2022-01-29,34388,95359.86617902743,9226.606355629834,95873.0,96587.0,95873.0,9379.998550614146,5,29,1
2022-01-30,71229,96157.76118677571,-13155.338463266055,34388.0,76914.0,87349.0,22568.849754431318,6,30,1
2022-01-31,85899,96889.4909316274,-12353.558059750443,71229.0,78541.0,87349.0,22856.309474836988,0,31,1
2022-02-01,92360,97502.84305305203,-2794.031798720262,85899.0,87349.0,87349.0,22917.301722456214,1,1,2
2022-02-02,92576,98118.52202108197,2009.3372003691584,92360.0,96747.0,92360.0,23203.026853039162,2,2,2
2022-02-03,104562,98900.050045072,5782.089257124418,92576.0,99766.0,92360.0,22821.3015821789,3,3,2
2022-02-04,110309,99765.53762390417,10991.029576149154,104562.0,95873.0,92360.0,23514.583608597317,4,4,2
2022-02-05,116980,100688.80319803939,10074.585482237086,110309.0,34388.0,92360.0,25445.610005881725,5,5,2
2022-02-06,88141,101702.33472991294,-13792.00659153079,116980.0,71229.0,92576.0,15590.049463863626,6,6,2
2022-02-07,88867,102807.6696875656,-13625.383645839705,88141.0,85899.0,92576.0,11946.73331720355,0,7,2
2022-02-08,102781,103880.1376315242,-1147.2237505119058,88867.0,92360.0,92576.0,11459.874793631678,1,8,2
2022-02-09,106089,104900.98253281356,1854.7918969972097,102781.0,92576.0,102781.0,11107.78852448868,2,9,2
2022-02-10,112804,105856.50233544188,5943.942443905947,106089.0,104562.0,104562.0,10644.988534740773,3,10,2
2022-02-11,117752,106632.99969130542,9767.860817405854,112804.0,110309.0,106089.0,11339.985514813992,4,11,2
2022-02-12,119684,107155.55180870577,11471.180109024262,117752.0,116980.0,106089.0,12364.508547412968,5,12,2
2022-02-13,93022,107469.82369676781,-14185.097010586242,119684.0,88141.0,106089.0,12842.421029726547,6,13,2
2022-02-14,110542,107626.919184155,-13405.986567735881,93022.0,88867.0,106089.0,11859.24876766375,0,14,2
2022-02-15,110483,107708.8388118845,-705.7634510362502,110542.0,102781.0,110542.0,9219.767926528775,1,15,2
2022-02-16,110268,107734.02305478993,1580.066169683986,110483.0,106089.0,110542.0,8810.893233459916,2,16,2
2022-02-17,113142,107753.9705393164,6407.271305278196,110268.0,112804.0,110542.0,8637.352347301216,3,17,2
2022-02-18,116275,107913.07214396627,10192.483424275018,113142.0,117752.0,110542.0,8652.327991163298,4,18,2
2022-02-19,114374,108282.57980113104,9390.322520457732,116275.0,119684.0,110542.0,8467.70332892384,5,19,2
2022-02-20,95331,108804.20337021025,-14373.261469432113,114374.0,93022.0,110542.0,7710.5832433339365,6,20,2
2022-02-21,85869,109530.00303005059,-13807.727198723787,95331.0,110542.0,110542.0,6881.539307313184,0,21,2
2022-02-22,101396,110380.62076351032,-162.63670721857187,85869.0,110483.0,110483.0,11417.1299203893,1,22,2
2022-02-23,112205,111290.85125288258,2436.3180347537445,101396.0,110268.0,110268.0,11409.964488071315,2,23,2
2022-02-24,119890,112206.9229581065,7068.274865296714,112205.0,113142.0,112205.0,11574.627559574348,3,24,2
2022-02-25,118228,113065.53431366805,10975.282741533183,119890.0,116275.0,112205.0,12555.35414910805,4,25,2
2022-02-26,123056,113832.4023883181,7403.775973206913,118228.0,114374.0,112205.0,12828.102346392656,5,26,2
2022-02-27,100167,114510.174796842,-14930.943658230623,123056.0,95331.0,112205.0,14049.001706611822,6,27,2
2022-02-28,102266,115001.09400411423,-13343.782972337814,100167.0,85869.0,112205.0,13427.537497177069,0,28,2
2022-03-01,113959,115267.67701180687,-313.139898322309,102266.0,101396.0,112205.0,9694.865698129235,1,1,3
2022-03-02,119863,115305.71102982487,3129.0462554848377,113959.0,112205.0,113959.0,8728.953676456034,2,2,3
2022-03-03,129290,115322.71863032819,7954.241588173716,119863.0,119890.0,118228.0,9109.955522341956,3,3,3
2022-03-04,128505,115418.09172430148,12057.264386865769,129290.0,118228.0,118228.0,10692.290239767612,4,4,3
2022-03-05,120368,115555.61112041227,6439.228508208001,128505.0,123056.0,119863.0,11814.23501342267,5,5,3
2022-03-06,95853,115663.77014844377,-15115.265216409289,120368.0,100167.0,119863.0,11616.356268313319,6,6,3
2022-03-07,99695,115720.30203425729,-14956.75142491871,95853.0,102266.0,119863.0,12683.176645049338,0,7,3
2022-03-08,117165,115742.74887973658,-1003.4046648909755,99695.0,113959.0,119863.0,13166.061476748655,1,8,3
2022-03-09,120057,115772.98423944545,4110.624736985326,117165.0,119863.0,119863.0,13164.890282218776,2,9,3
2022-03-10,124861,115777.17489566661,7943.989839850831,120057.0,129290.0,120057.0,13175.02065598819,3,10,3
2022-03-11,129455,115718.21247270869,13360.442591999019,124861.0,128505.0,120057.0,12511.51291715721,4,11,3
2022-03-12,121777,115539.74242286322,6029.169368280027,129455.0,120368.0,120057.0,12683.6678167522,5,12,3
2022-03-13,100133,115315.45300004097,-15306.554578330597,121777.0,95853.0,120057.0,12787.320274769263,6,13,3
2022-03-14,98693,115117.52119180944,-15236.141558595164,100133.0,99695.0,120057.0,11748.56464586617,0,14,3
2022-03-15,112732,114976.63171953146,-1216.282580346843,98693.0,117165.0,120057.0,11986.350896312231,1,15,3
2022-03-16,119733,114866.90965720313,4462.418186704039,112732.0,120057.0,120057.0,12032.798765991987,2,16,3
2022-03-17,116634,114816.21499823661,7487.020554552297,119733.0,124861.0,119733.0,12012.446348921414,3,17,3
2022-03-18,128278,114892.76205260766,13397.287513782725,116634.0,129455.0,116634.0,11307.50875472119,4,18,3
2022-03-19,120655,115098.76504673099,6001.621622331133,128278.0,121777.0,116634.0,11048.031218707021,5,19,3
2022-03-20,100169,115415.23590650343,-15278.548154073498,120655.0,100133.0,116634.0,10923.789077491605,6,20,3
2022-03-21,100551,115906.58037655645,-14261.778028696763,100169.0,98693.0,116634.0,10916.267982541825,0,21,3
2022-03-22,113333,116652.40868349074,-975.0756216352402,100551.0,112732.0,116634.0,10501.228132257454,1,22,3
2022-03-23,122056,117624.45213392578,4278.902088920416,113333.0,119733.0,116634.0,10490.559958271835,2,23,3
2022-03-24,124345,118671.73204341636,6615.186426456779,122056.0,116634.0,116634.0,10729.041793633061,3,24,3
2022-03-25,124059,119644.28630645077,12887.389047827552,124345.0,128278.0,120655.0,11359.006158320502,4,25,3
2022-03-26,127324,120510.99276449365,6324.540178744433,124059.0,120655.0,120655.0,10666.674630205414,5,26,3
2022-03-27,107222,121305.21503750671,-15740.461961034125,127324.0,100169.0,122056.0,11517.348316261709,6,27,3
2022-03-28,112277,121971.0430658345,-13073.813572668163,107222.0,100551.0,122056.0,10128.759906232179,0,28,3
2022-03-29,123866,122440.0045631558,-614.7724228933643,112277.0,113333.0,122056.0,7615.921893357078,1,29,3
2022-03-30,126442,122644.28573462542,3987.0370310547755,123866.0,122056.0,123866.0,7426.326894424905,2,30,3
2022-03-31,128538,122594.03620337245,6621.694115111694,126442.0,124345.0,124059.0,7788.733438206119,3,31,3
2022-04-01,135560,122423.08294473968,12061.310557035871,128538.0,124059.0,124059.0,8254.918669381112,4,1,4
2022-04-02,127960,122159.60477683743,6946.547181360829,135560.0,127324.0,126442.0,9862.70636817114,5,2,4
2022-04-03,104450,121859.62184201513,-17192.878152423407,127960.0,107222.0,126442.0,9911.635315075373,6,3,4
2022-04-04,109726,121599.27303754384,-12203.154475502026,104450.0,112277.0,126442.0,10678.542907112807,0,4,4
2022-04-05,121968,121379.93336570139,42.7321983838885,109726.0,123866.0,126442.0,11128.674905075573,1,5,4
2022-04-06,124765,121147.3546770666,3781.4482208372847,121968.0,126442.0,126442.0,11109.060566342607,2,6,4
2022-04-07,129116,120830.18323301314,7998.759597518069,124765.0,128538.0,124765.0,11017.31990787154,3,7,4
2022-04-08,130708,120446.2330589519,11234.797602443507,129116.0,135560.0,124765.0,11077.777349270098,4,8,4
2022-04-09,128585,120046.76297329765,6957.58575086963,130708.0,127960.0,124765.0,10200.201638996756,5,9,4
2022-04-10,109767,119651.04489348528,-18590.026200914603,128585.0,104450.0,124765.0,10271.296419773833,6,10,4
2022-04-11,107538,119254.03965191024,-12277.153628722765,109767.0,109726.0,124765.0,8922.956866313814,0,11,4
2022-04-12,117812,118803.56399101175,429.7295176686383,107538.0,121968.0,124765.0,9450.982161105023,1,12,4
2022-04-13,122117,118329.87509068854,4223.904621335825,117812.0,124765.0,124765.0,9566.897352453538,2,13,4
2022-04-14,128182,117932.60438038081,9080.189640473582,122117.0,129116.0,122117.0,9453.400154240378,3,14,4
2022-04-15,121835,117616.07966143746,10441.991709106067,128182.0,130708.0,122117.0,9322.245504066968,4,15,4
2022-04-16,115280,117420.74371794949,7083.518495106169,121835.0,128585.0,121835.0,8274.683829379344,5,16,4
2022-04-17,96306,117300.04824351352,-19223.449826402233,115280.0,109767.0,117812.0,7283.318585579594,6,17,4
2022-04-18,103235,117190.38535072574,-12763.792814449715,96306.0,107538.0,117812.0,10660.678900475763,0,18,4
2022-04-19,118539,117110.97402774937,437.6882916936148,103235.0,117812.0,117812.0,11306.287980799154,1,19,4
2022-04-20,121534,117283.96961120015,5018.078552444605,118539.0,122117.0,118539.0,11340.068766063509,2,20,4
2022-04-21,127415,117725.50011157178,9811.298306979728,121534.0,128182.0,118539.0,11281.682464867408,3,21,4
2022-04-22,128247,118219.52226611065,9688.52333217832,127415.0,121835.0,118539.0,11134.942833475321,4,22,4
2022-04-23,124414,118659.78683656488,7117.231774683627,128247.0,115280.0,118539.0,12030.394115382505,5,23,4
2022-04-24,103937,119036.98284925785,-19510.573437603998,124414.0,96306.0,121534.0,12453.30714920267,6,24,4
2022-04-25,106623,119389.43084696252,-13044.784630848944,103937.0,103235.0,121534.0,10512.581425991268,0,25,4
2022-04-26,120156,119711.52687599086,501.4296284794489,106623.0,118539.0,121534.0,9760.452460726221,1,26,4
2022-04-27,127674,119967.04969042941,5485.435118633447,120156.0,121534.0,121534.0,9775.882939054483,2,27,4
2022-04-28,129292,120112.34944634997,10201.71400934689,127674.0,127415.0,124414.0,10311.976652232672,3,28,4
2022-04-29,129113,120154.76602935839,8959.144390761609,129292.0,128247.0,124414.0,10564.875547460775,4,29,4
2022-04-30,128048,120175.89012807544,6281.1635576014905,129113.0,124414.0,124414.0,10681.302413006408,5,30,4
2022-05-01,100240,120214.30527338511,-18532.648250763184,128048.0,103937.0,127674.0,11005.198641681049,6,1,5
2022-05-02,95618,120250.47855569438,-12382.842736057237,100240.0,106623.0,127674.0,11988.098691539726,0,2,5
2022-05-03,120456,120295.65487821925,385.2601200014799,95618.0,120156.0,127674.0,14515.088561644478,1,3,5
2022-05-04,125434,120329.69616207565,5699.602640426465,120456.0,127674.0,127674.0,14520.919253008135,2,4,5
2022-05-05,131774,120353.30161387433,10169.84752625148,125434.0,129292.0,125434.0,14311.685759745975,3,5,5
2022-05-06,128036,120451.67406732617,7808.058332892861,131774.0,129113.0,125434.0,14655.596416841408,4,6,5
2022-05-07,118187,120669.62324257131,5536.924691370874,128036.0,128048.0,125434.0,14532.818531729896,5,7,5
2022-05-08,103578,120945.42350330463,-17704.399235794986,118187.0,100240.0,120456.0,13919.757347707218,6,8,5
2022-05-09,107893,121205.66862232066,-11107.713158215482,103578.0,95618.0,120456.0,13288.516881306332,0,9,5
2022-05-10,121334,121444.06942316108,745.3895238119677,107893.0,120456.0,120456.0,10403.612007832915,1,10,5
2022-05-11,127614,121690.13277287522,5474.830292804014,121334.0,125434.0,121334.0,10424.624928733087,2,11,5
2022-05-12,133017,121937.33921736799,9663.764051987679,127614.0,131774.0,121334.0,10662.605915289343,3,12,5
2022-05-13,129999,122091.97822971044,6356.73292440284,133017.0,128036.0,121334.0,10903.39417665114,4,13,5
2022-05-14,125805,122111.20646776851,4743.556679238195,129999.0,118187.0,121334.0,11168.016113203064,5,14,5
2022-05-15,106633,121970.72778388378,-16919.83613083705,125805.0,103578.0,125805.0,11305.880475811458,6,15,5
2022-05-16,113886,121675.94839033163,-9573.56313622434,106633.0,107893.0,125805.0,10539.874411920144,0,16,5
2022-05-17,122954,121270.7430288719,1695.6062985752048,113886.0,121334.0,125805.0,9408.788849743043,1,17,5
2022-05-18,125687,120808.68251520263,5339.58368235897,122954.0,127614.0,125805.0,9392.006885289999,2,18,5
2022-05-19,128777,120307.81745882567,8602.455770635728,125687.0,133017.0,125687.0,9256.151408915224,3,19,5
2022-05-20,123896,119736.32012699753,5746.836960615941,128777.0,129999.0,125687.0,8571.91093047527,4,20,5
2022-05-21,124071,119066.16980566246,3867.009169140547,123896.0,125805.0,123896.0,7902.57543312254,5,21,5
2022-05-22,101488,118375.10045932634,-17098.133546811834,124071.0,106633.0,123896.0,7756.005777399153,6,22,5
2022-05-23,110461,117672.6126059014,-8441.513604321932,101488.0,113886.0,123896.0,9397.238191035121,0,23,5
2022-05-24,120596,116880.14615378487,3079.717779623344,110461.0,122954.0,123896.0,9853.315608270748,1,24,5
2022-05-25,121986,115879.39616844546,5517.837376163957,120596.0,125687.0,123896.0,9760.171100178695,2,25,5
2022-05-26,121296,115114.19041630148,7974.71339209647,121986.0,128777.0,121986.0,9450.73695287211,3,26,5
2022-05-27,110473,115655.74447107626,5601.410709124094,121296.0,123896.0,121296.0,8503.904444990272,4,27,5
2022-05-28,98828,115972.903957142,3121.2847825551407,110473.0,124071.0,120596.0,8382.435718299908,5,28,5
2022-05-29,91671,116086.02178480978,-18135.137269033152,98828.0,101488.0,110473.0,9561.635467299797,6,29,5
2022-05-30,83190,116175.24215288834,-8337.075032719113,91671.0,110461.0,110473.0,11837.170068816995,0,30,5
2022-05-31,113414,116136.18570616005,4262.5906640990215,83190.0,120596.0,110473.0,15781.9148862295,1,31,5
