date,actual,predicted,score,severity,is_anomaly,true_anomaly,true_anomaly_type
2023-01-01,76752.0,81604.60157902657,4852.6015790265665,normal,False,0,none
2023-01-02,65777.0,90900.72865006817,25123.728650068166,high,True,0,none
2023-01-03,85783.0,93572.7464414219,7789.746441421899,low,False,0,none
2023-01-04,95092.0,94828.65490751344,263.34509248656104,normal,False,0,none
2023-01-05,101063.0,94525.06039861706,6537.939601382939,low,False,0,none
2023-01-06,0.0,100166.94291873794,100166.94291873794,high,True,1,zero_load
2023-01-07,105036.0,95985.55388151709,9050.446118482912,medium,False,0,none
2023-01-08,85056.0,79260.79835546853,5795.201644531466,low,False,0,none
2023-01-09,85349.0,82417.18314495409,2931.8168550459086,normal,False,0,none
2023-01-10,99916.0,85113.45297354324,14802.547026456756,medium,False,0,none
2023-01-11,106118.0,98020.91035271453,8097.089647285466,low,False,0,none
2023-01-12,111386.0,100275.20816964103,11110.791830358969,medium,False,0,none
2023-01-13,328108.0,100093.20098893522,228014.79901106478,high,True,1,spike_day
2023-01-14,112950.0,104074.78963338328,8875.210366616724,medium,False,0,none
2023-01-15,96844.0,88722.3837590364,8121.616240963602,low,False,0,none
2023-01-16,80120.0,87032.51148494404,6912.511484944043,low,False,0,none
2023-01-17,101052.0,89454.02475370423,11597.97524629577,medium,False,0,none
2023-01-18,106152.0,99802.3756960019,6349.6243039981055,low,False,0,none
2023-01-19,114603.0,102934.68202429543,11668.317975704573,medium,False,0,none
2023-01-20,109444.0,102257.60976542346,7186.390234576538,low,False,0,none
2023-01-21,111999.0,114786.66981079167,2787.6698107916745,normal,False,0,none
2023-01-22,89651.0,84905.33864651785,4745.661353482152,normal,False,0,none
2023-01-23,89791.0,86693.94320018534,3097.056799814658,normal,False,0,none
2023-01-24,103858.0,90568.27651005158,13289.723489948417,medium,False,0,none
2023-01-25,109196.0,100968.09529402539,8227.904705974608,low,False,0,none
2023-01-26,292483.0,116437.326626758,176045.673373242,high,True,1,spike_day
2023-01-27,111826.0,103945.96606111589,7880.033938884109,low,False,1,label_drift
2023-01-28,112241.0,102145.9206797517,10095.079320248304,medium,False,1,label_drift
2023-01-29,89871.0,81316.93089173088,8554.06910826912,medium,False,1,label_drift
2023-01-30,89492.0,83910.5457051521,5581.454294847907,low,False,1,label_drift
2023-01-31,119900.0,86588.17472903107,33311.825270968926,high,True,1,label_drift
2023-02-01,148603.0,112402.50336386348,36200.49663613652,high,True,1,label_drift
2023-02-02,170164.0,119610.72271845416,50553.277281545845,high,True,1,label_drift
2023-02-03,178881.0,117372.85692479239,61508.14307520761,high,True,1,label_drift
2023-02-04,154022.0,100500.98275862516,53521.01724137484,high,True,1,label_drift
2023-02-05,132187.0,88272.24085989919,43914.75914010081,high,True,1,label_drift
2023-02-06,91046.0,90963.30136755967,82.69863244032604,normal,False,0,none
2023-02-07,106097.0,101089.57667117742,5007.4233288225805,normal,False,0,none
2023-02-08,302200.0,111801.28436342726,190398.71563657274,high,True,1,spike_day
2023-02-09,115122.0,117818.0797753995,2696.0797753994993,normal,False,0,none
2023-02-10,114361.0,120622.52841193725,6261.528411937252,low,False,0,none
2023-02-11,114484.0,114623.31185273104,139.31185273104347,normal,False,0,none
2023-02-12,94403.0,96787.65163183794,2384.6516318379436,normal,False,0,none
2023-02-13,92981.0,92655.96909028447,325.0309097155259,normal,False,0,none
2023-02-14,108344.0,99044.89447035907,9299.105529640932,medium,False,0,none
2023-02-15,0.0,112116.62811408908,112116.62811408908,high,True,1,zero_load
2023-02-16,112816.0,117420.78423257457,4604.784232574573,normal,False,0,none
2023-02-17,111745.0,117662.1955708057,5917.195570805707,low,False,0,none
2023-02-18,105272.0,112832.80153831463,7560.801538314627,low,False,0,none
2023-02-19,90018.0,94636.19073458343,4618.190734583433,normal,False,0,none
2023-02-20,79583.0,91583.38977135437,12000.38977135437,medium,False,0,none
2023-02-21,99877.0,95003.61006513891,4873.389934861087,normal,False,0,none
2023-02-22,110874.0,110626.25444270592,247.74555729408166,normal,False,0,none
2023-02-23,115242.0,117985.94366927861,2743.943669278611,normal,False,0,none
2023-02-24,115492.0,114404.47245866881,1087.5275413311902,normal,False,0,none
2023-02-25,113591.0,113275.68160707912,315.31839292087534,normal,False,0,none
2023-02-26,91145.0,94993.09692431205,3848.096924312049,normal,False,0,none
2023-02-27,92992.0,96399.99688876266,3407.99688876266,normal,False,0,none
2023-02-28,101145.0,96766.71054106577,4378.289458934232,normal,False,0,none
